code,name,category,strength_label,fund_size_yi,slope_20,slope_50,slope_120,sharpe_composite,adx,up_ratio_60,n_changes,n_points,asof_date
588170,科创半导体ETF华夏,科技,超强势,230.09924013312,12942.580808995357,3467.6131951387347,507.85850385118465,5.160858904103645,65.07068448991885,0.7166666666666667,5,12,20260706
588710,科创半导体设备ETF华泰柏瑞,科技,超强势,54.71150874528,12548.447769558308,3416.640507985904,502.2646239730468,5.206198194631038,61.905212297811374,0.7,1,4,20260706
159516,半导体设备ETF国泰,科技,超强势,400.6192123392,9088.364235778923,2583.4312146071566,26.911322242083102,4.288839687516703,64.47978797576154,0.6666666666666666,29,79,20260706
588200,科创芯片ETF嘉实,科技,超强势,576.48799170304,1794.8367283077787,994.0846687042691,267.26923928050854,3.833135210741776,55.455660633016244,0.65,54,130,20260706
588020,科创成长ETF易方达,其他,超强势,17.35062384704,1180.7891605524715,515.2561441962832,196.5426755654543,3.830194405753986,57.370482043239996,0.65,42,88,20260706
588460,科创50增强ETF鹏华,宽基,超强势,14.828298600000002,1057.494151741392,507.0830834208986,150.63116546938798,3.4380423321546387,55.79829594280516,0.65,47,120,20260706
515260,电子ETF华宝,科技,超强势,10.479025676,333.3060014465367,492.1351486694518,159.82914895182478,2.933690823792011,45.54560948944016,0.6333333333333333,103,238,20260706
588000,科创50ETF华夏,宽基,超强势,629.83630606848,801.0626589508598,433.2420350493793,127.40375307307485,3.0350055065441155,52.03259207226817,0.65,96,224,20260706
588010,科创新材料ETF博时,其他,超强势,12.90436982816,1256.9751501738024,430.9718585212377,174.14988301607116,3.7346523771059092,52.42448272237511,0.6333333333333333,50,130,20260706
159732,消费电子ETF华夏,科技,超强势,55.05061237983999,358.04303697510386,413.0247526259378,165.16403232298848,2.9743763126904623,40.915445801366694,0.65,31,79,20260706
515000,科技ETF华宝,科技,超强势,35.96891591616,313.6471531891565,375.13312974331745,149.92679210795404,3.00503469780155,41.52165852717123,0.65,111,285,20260706
588220,科创100ETF鹏华,宽基,超强势,66.50767952288,900.0192797734483,330.1110152218926,144.70868151026912,3.83385941984968,59.24217472974025,0.6333333333333333,42,86,20260706
589680,科创综指ETF鹏华,其他,超强势,18.31007414112,475.3272469613619,218.71509109920476,105.31178550201625,2.962597801735404,47.60698446891492,0.65,7,16,20260706
159995,芯片ETF华夏,科技,强势,333.13688832,1501.7456342620264,1009.3219963788115,214.07100772298784,3.6554732071942793,54.729755227292294,0.6166666666666667,35,79,20260706
159813,半导体ETF鹏华,科技,强势,68.54938590399999,1304.319151448413,950.7863196198504,206.99357112696916,3.543049493359407,54.83532175525296,0.6166666666666667,36,79,20260706
159939,信息技术ETF广发,科技,强势,10.78773533968,440.0499632040962,401.23826002842156,137.51113953569117,2.9287424866717235,47.90377822738037,0.6166666666666667,32,79,20260706
159783,科创创业50ETF华夏,其他,强势,59.4536837376,92.22423234810861,227.54009645014227,115.24646619764299,2.17259989667709,28.812295513565545,0.6,34,79,20260706
159502,标普生物科技ETF嘉实,科技,强势,19.30122508496,2764.4696594774955,193.5358146247225,78.55909345134376,4.3381743055811235,47.06193564920242,0.6,30,71,20260706
159967,创业板成长ETF华夏,宽基,强势,54.498432128000005,76.78886337655678,178.94837546839892,138.35791537777408,1.8500067094066934,23.76688510766372,0.5166666666666667,42,79,20260706
513880,日经225ETF华安,海外,强势,28.7931567,84.37696274023261,154.29548039652934,85.89621813749773,2.0285104243477328,25.583976777151346,0.5166666666666667,121,292,20260706
513520,日经ETF华夏,海外,强势,25.807539296,124.4397663521358,152.42777850958035,90.27298972338305,2.1025449068501914,32.44288245745331,0.5166666666666667,125,292,20260706
159819,人工智能ETF易方达,科技,强势,225.5266857984,73.53194167290955,134.69757515899965,81.59633854649324,1.5866449243604936,23.534435108817124,0.6,39,79,20260706
588760,科创人工智能ETF广发,科技,强势,18.69387588,134.80233541712906,99.15605189714383,52.639389628329546,1.364349991426291,37.10148809955452,0.55,8,21,20260706
588790,科创AIETF博时,科技,强势,26.88580488,130.99962813477478,98.9433541039278,51.09662096678023,1.3384036621135558,33.673040847721786,0.5666666666666667,8,23,20260706
561550,中证500增强ETF华泰柏瑞,宽基,强势,16.634565472000002,207.59362304677248,65.13313541399899,55.98190478456135,2.171977893615787,39.994284316399096,0.5833333333333334,76,172,20260706
512000,券商ETF华宝,金融,强势,393.54528301056,404.0420150207401,50.005256170793785,-9.469954737920238,1.341189671839442,49.088195333198016,0.5333333333333333,176,427,20260706
512880,证券ETF国泰,金融,强势,592.1487677952,396.71062904327823,49.322034213987706,-9.392912837252187,1.3605356836743578,48.988805140355225,0.5166666666666667,197,432,20260706
513400,道琼斯ETF鹏华,其他,强势,30.55318646,61.26631526999509,45.31225720299865,17.243826186517186,2.306627495945688,34.38047392864358,0.5166666666666667,25,68,20260706
159680,中证1000增强ETF招商,宽基,强势,14.4849307648,107.08460907393894,42.532825034658295,50.56542940978517,1.8380106641844718,29.19882391442412,0.6166666666666667,39,79,20260706
510500,中证500ETF南方,宽基,强势,365.73929579808,125.97497134703688,39.22214890062905,39.44370525955863,1.539841582542159,36.42334791132792,0.5833333333333334,263,597,20260706
512100,中证1000ETF南方,宽基,强势,105.031269888,60.7671473554704,23.467040278052664,29.67237752920806,1.1245874443349808,30.269402679912353,0.6,185,420,20260706
563300,中证2000ETF华泰柏瑞,宽基,强势,35.34290748,36.07995958231835,21.81729583102512,38.95287274846248,1.131277060473563,15.464721440455646,0.6,46,86,20260706
513310,中韩半导体ETF华泰柏瑞,科技,震荡上涨,141.07747559039998,198.82518184453218,894.5477275612374,508.2110179410802,2.932518781658226,21.300428465027515,0.6166666666666667,54,122,20260706
588350,科创创业50ETF鹏扬,其他,震荡上涨,12.61662938,81.96025903334639,221.8680880807566,113.0393748487796,2.0685359024632555,31.5516509619251,0.6166666666666667,58,128,20260706
159781,科创创业ETF易方达,其他,震荡上涨,163.516400512,85.6777634448487,218.4680078654875,115.28493012865097,2.099784659967573,27.218017520702638,0.5833333333333334,39,79,20260706
588330,双创50ETF华宝,宽基,震荡上涨,11.94036924912,82.65172697802718,214.16286309656311,112.26225691860611,2.081347791565667,27.316706233572145,0.5833333333333334,78,193,20260706
562500,机器人ETF华夏,科技,震荡上涨,185.96800740096,52.60680768941142,135.03815087244595,41.31573020747563,2.0336716689655563,17.251763057337637,0.5833333333333334,69,170,20260706
513290,纳指生物科技ETF汇添富,科技,震荡上涨,17.1973941232,1431.0046958701325,134.25716804125182,40.82382781475864,3.7434193700305953,42.87921634297543,0.48333333333333334,61,137,20260706
159659,纳斯达克100ETF招商,海外,震荡上涨,103.4358893568,-6.271415972657868,105.03332576809719,37.29239573962264,1.602403262780794,10.501271878900566,0.6,37,79,20260706
513300,纳斯达克ETF华夏,海外,震荡上涨,138.69914834944,-8.058551430408212,101.9477997109238,35.11427563949698,1.5304566851443169,9.746295134511845,0.6166666666666667,90,226,20260706
159363,创业板人工智能ETF华宝,科技,震荡上涨,71.86391705088,10.18628533146375,71.14737060402676,113.39517769683778,1.093817772039845,18.18367628445033,0.5166666666666667,6,26,20260706
159915,创业板ETF易方达,宽基,震荡上涨,431.7351499648,20.583942848682902,58.65898068953912,63.75467372703911,1.2014355186403,21.680329702110093,0.6,36,79,20260706
159949,创业板50ETF华安,宽基,震荡上涨,229.38878780928,-8.113283037170415,49.96369016329236,61.19386257149573,0.9260366077332912,16.98212636114985,0.5666666666666667,30,79,20260706
513800,日本东证指数ETF南方,海外,震荡上涨,19.597603176,27.77566106975207,33.46223875073171,29.937131999107702,1.2610763573738983,8.819516441516882,0.5,138,292,20260706
159901,深证100ETF易方达,其他,震荡上涨,37.39283324448,-4.908176143782528,25.643643816795493,33.532610463766346,0.7245850275441846,12.910102406830243,0.5666666666666667,32,79,20260706
159992,创新药ETF银华,医药健康,震荡上涨,175.11858635776002,785.3372664660242,19.376735295317026,7.9289629867047795,1.4728958993968506,43.036939138741104,0.4166666666666667,37,79,20260706
515800,中证800ETF汇添富,宽基,震荡上涨,40.876780292,33.37703322561123,19.210305212887334,18.995007948645526,0.8446691692403132,24.46855442675397,0.55,123,269,20260706
560510,中证A500ETF泰康,宽基,震荡上涨,30.99438319296,30.64805545396274,19.17902627067596,19.803183792239377,0.8384967660221188,23.632402536440306,0.5666666666666667,22,35,20260706
563360,A500ETF华泰柏瑞,宽基,震荡上涨,305.8960784,28.13272859864131,18.101465300489018,19.561209134886816,0.7822420484724656,25.438268297474657,0.5833333333333334,22,35,20260706
159338,中证A500ETF国泰,宽基,震荡上涨,230.3639890944,28.677872861840427,16.884829216981558,19.769766535992893,0.7914803790536434,24.072565114807336,0.5833333333333334,20,35,20260706
510380,沪深300ETF国寿,宽基,震荡上涨,17.970922704,13.922167673598329,15.05748093769952,12.246094944626718,0.5822742113590593,19.85075323427173,0.5666666666666667,144,335,20260706
515380,沪深300ETF泰康,宽基,震荡上涨,36.1467491712,10.779148937096261,11.352540856663529,12.06083335277195,0.5412892372396312,15.51326116132814,0.5666666666666667,111,256,20260706
510300,沪深300ETF华泰柏瑞,宽基,震荡上涨,896.96885059584,8.859252728326815,10.916688298147514,5.466958588531945,0.37222457581716306,19.981254421250423,0.5333333333333333,289,637,20260706
515880,通信ETF国泰,科技,横盘震荡,529.87903535104,-47.68532762485231,128.89172011959155,-75.14108831369218,0.5047369640170886,30.948734217487644,0.5666666666666667,113,282,20260706
159941,纳指ETF广发,海外,横盘震荡,364.7295740928,-13.547340007155872,108.74403351285262,33.29374399359135,1.3997665656191214,12.458519915525693,0.5833333333333334,31,79,20260706
513390,纳指100ETF博时,海外,横盘震荡,44.8434795408,-13.522864558169378,99.02853369089341,30.592643408747744,1.4120977671076411,9.923213469576629,0.5833333333333334,52,105,20260706
159509,纳指科技ETF景顺,科技,横盘震荡,173.22011842560002,-36.85358432574268,98.84490303820665,31.95363832054192,0.9307967729695303,12.453288978347555,0.6166666666666667,26,79,20260706
159687,亚太精选ETF南方,其他,横盘震荡,31.11900156288,-35.508805935641085,45.274440842666564,46.20456375196129,0.784392375853203,16.345316437074114,0.5666666666666667,31,79,20260706
513850,美国50ETF易方达,海外,横盘震荡,21.12927204864,-14.996483779785875,44.59838087033374,10.73853801105109,0.9827955921970948,14.871014822987075,0.55,33,78,20260706
513500,标普500ETF博时,海外,横盘震荡,249.08951235584,-27.419011673066006,31.390062127427655,6.178356298839915,0.7226272435031957,20.166882355794286,0.5666666666666667,239,557,20260706
159601,A50ETF华夏,宽基,横盘震荡,14.621660827199998,-5.350868992880686,10.291320516238711,12.865443765588447,0.25230668444535154,11.384802570633607,0.5833333333333334,46,79,20260706
510180,上证180ETF华安,宽基,横盘震荡,182.44418092032,30.409281167872226,7.665238804581342,0.25504207771809284,0.4133529999611588,29.364380933167585,0.55,438,929,20260706
560050,中国A50ETF汇添富,宽基,横盘震荡,25.575270528,-10.587316556462623,7.026370638734369,11.14640408188665,0.15077538480857433,10.073777479964457,0.5833333333333334,65,177,20260706
512070,证券保险ETF易方达,金融,横盘震荡,140.45043529728,162.3445438819591,5.760356798758526,-24.382253932118168,0.33584689029508713,32.434008083529505,0.4166666666666667,192,481,20260706
512950,央企改革ETF华夏,其他,横盘震荡,63.02968470464,19.45462534342588,4.278517400987303,13.51931355834759,0.5026796237155604,22.06585165331268,0.6166666666666667,126,313,20260706
512960,央企结构调整ETF博时,其他,横盘震荡,57.94095773184,18.215436840118528,3.738542662190092,13.383853865927463,0.4713535997511687,22.651311913281713,0.5833333333333334,126,313,20260706
516150,稀土ETF嘉实,其他,横盘震荡,77.67916789392,64.5140630118691,3.2335646298862653,27.27646462500164,0.605024086785634,25.913040247157078,0.6,88,208,20260706
159959,央企ETF银华,其他,横盘震荡,30.51520833024,22.53867529925384,3.04114086245304,12.646006396577336,0.3945324265902364,23.017551717222396,0.55,36,79,20260706
517160,长江保护ETF南方,其他,横盘震荡,18.48499611552,33.253349539717505,3.014859378880441,25.89384461192261,0.5092106693205181,39.37917067777533,0.55,67,168,20260706
510050,上证50ETF华夏,宽基,横盘震荡,193.13544384768,41.62346298394757,2.859842415927649,-5.423233039360431,0.2724020883833351,31.746700347677272,0.5666666666666667,444,990,20260706
159561,德国ETF嘉实,海外,横盘震荡,19.3508181648,25.453324664603795,0.37537495302542023,-4.9599621362035435,0.39644995130087973,24.328969039872533,0.4666666666666667,34,56,20260706
159623,成渝经济圈ETF博时,其他,横盘震荡,32.79379529808,42.541941306594076,-0.46468321028383386,11.130276846437503,0.4455210583460829,13.391524754709902,0.5,41,79,20260706
513090,香港证券ETF易方达,金融,横盘震荡,194.20268203008,91.50985256891919,-0.5428868815246957,-18.881857407997103,0.13937697439489607,24.952191785213408,0.4666666666666667,130,255,20260706
159326,电网设备ETF华夏,周期资源,横盘震荡,224.3414412288,-46.07017253387487,-1.2690190790830225,78.08280842708841,0.18402015501270147,16.309689120845164,0.6,14,39,20260706
159529,标普消费ETF景顺,消费,横盘震荡,10.61490113472,11.134039098727566,-1.515123476871938,-9.472943117978637,0.035117040860468685,30.68973270870435,0.5166666666666667,28,67,20260706
512010,医药ETF易方达,医药健康,横盘震荡,178.64934253056,268.9656233630851,-2.7098656995701575,-8.089692487402367,0.8553571614915512,33.16187013382875,0.36666666666666664,197,481,20260706
517300,沪港深300ETF国寿,其他,横盘震荡,11.96152336704,-9.961462290693547,-3.102135871710132,1.7793236193776263,-0.23984979736728226,11.320275010750423,0.5,70,211,20260706
159837,生物科技ETF易方达,科技,横盘震荡,15.248435121919998,356.24011273449634,-5.039271966141213,-5.404364569019449,0.7378311122561599,40.65658406624591,0.36666666666666664,33,79,20260706
562800,稀有金属ETF嘉实,其他,横盘震荡,65.11343396096,125.57533856933358,-8.129077494620574,44.84321186739146,0.6570951559605394,30.74179930317602,0.55,68,182,20260706
513080,法国ETF华安,其他,横盘震荡,11.25957152,25.583003565149596,-9.316593703892329,-2.083564101187707,0.16063198007691115,15.391681005647628,0.5,134,245,20260706
516820,医疗创新ETF平安,医药健康,横盘震荡,18.69856031232,227.96044186154475,-10.917928287365896,-10.652778735573564,0.4755483231287592,25.768484141780156,0.38333333333333336,66,194,20260706
159985,豆粕ETF华夏,其他,横盘震荡,31.1881919216,41.01051234545723,-13.749259881166942,12.799918316651215,0.32316943956476807,25.535160289241492,0.45,41,79,20260706
159859,生物医药ETF天弘,医药健康,横盘震荡,47.60776615936,430.7614076444682,-14.536515331187017,-4.2913274293338795,0.5941482344061846,40.52301959898807,0.38333333333333336,34,79,20260706
159870,化工ETF鹏华,周期资源,横盘震荡,159.46120938496,116.4559758997068,-20.607548981257295,11.44683423941748,0.41263223917044867,28.661414120181604,0.48333333333333334,37,79,20260706
159206,卫星ETF永赢,其他,横盘震荡,192.530861376,128.79137052363743,-21.699327541626023,13.240495515993711,0.6628437689021875,21.23543095854308,0.6333333333333333,9,15,20260706
515030,新能源车ETF华夏,周期资源,横盘震荡,30.94730688,9.782809286719818,-33.66293354913271,1.3415461958774522,-0.3545662959772887,11.29412169777807,0.48333333333333334,98,259,20260706
510210,上证指数ETF富国,宽基,震荡下跌,83.35616169728,3.75426321980481,-4.301452373592807,5.754023557250054,-0.007630162214605968,22.67831414844273,0.5166666666666667,293,683,20260706
159593,中证A50ETF平安,宽基,震荡下跌,25.405269778560005,-15.795118846017775,-6.309284502622092,4.8764016594806225,-0.24690547673156654,12.056166394625944,0.55,29,63,20260706
516520,智能驾驶ETF华泰柏瑞,新能源,震荡下跌,10.25270383872,25.588929343392696,-6.317031634613146,-10.701019769855492,-0.17964729961751175,24.74046122028156,0.5166666666666667,95,211,20260706
159980,有色ETF大成,周期资源,震荡下跌,52.089092302560005,-38.624365971509775,-9.603530095920409,6.688171058578929,-0.7631912290037738,29.859311467610755,0.48333333333333334,46,79,20260706
159998,计算机ETF天弘,其他,震荡下跌,17.110044672,52.77092572124782,-14.717680668657296,4.429273663189837,-0.05736093648197238,27.019275920665788,0.5666666666666667,42,79,20260706
515900,央企创新ETF博时,其他,震荡下跌,37.66470671232,-12.390116286593889,-17.648294801453567,10.047772090708973,-0.42901545073889424,16.940277864028694,0.5833333333333334,120,268,20260706
560280,工程机械ETF广发,周期资源,震荡下跌,30.29320712,-43.47730721578614,-17.994032783897396,0.12984650738059322,-0.6121628520533114,39.14556980653699,0.4666666666666667,36,81,20260706
159387,创业板新能源ETF国泰,周期资源,震荡下跌,13.09123855872,-35.637361476893844,-20.250758707383987,-73.00723648302021,-0.7072112391432193,14.087327692393504,0.5666666666666667,1,3,20260706
512170,医疗ETF华宝,医药健康,震荡下跌,263.2463917056,91.4577050026035,-21.883101042174257,-14.144719467717259,-0.2953030158247056,35.79574097709842,0.38333333333333336,106,293,20260706
516510,云计算ETF易方达,科技,震荡下跌,23.9423067,-20.187771863032133,-26.871911867853893,1.4840991068091114,-0.5264563318057873,15.321848437949816,0.5833333333333334,89,205,20260706
516570,化工行业ETF易方达,周期资源,震荡下跌,11.997273943999998,36.4104039869906,-33.00759746799828,5.53227058240271,-0.26343981709880976,19.08820601925614,0.45,84,196,20260706
512660,军工ETF国泰,军工,震荡下跌,68.57674996736,29.971567597060567,-34.52579768436522,-10.615115782804674,-0.5220598377223362,15.925934337202788,0.55,209,432,20260706
159840,锂电池ETF工银,新能源,震荡下跌,18.5730586624,25.780008832924928,-35.947217500081386,6.188176080785235,-0.2940578855189263,16.724848404082554,0.45,39,79,20260706
159755,电池ETF广发,新能源,震荡下跌,103.95881381632,28.81814517123338,-36.154997598972116,5.32891340515349,-0.2908132922284833,16.082669767082795,0.48333333333333334,39,79,20260706
560860,工业有色ETF万家,周期资源,震荡下跌,91.51004295168,-16.048791205686275,-36.47012372247259,5.720417416046608,-0.3985865246555053,15.54012708722054,0.45,53,112,20260706
512670,国防ETF鹏华,军工,震荡下跌,16.674195059200002,17.34861269443806,-39.03737214884361,-8.77805516927097,-0.7008481741813496,17.150539987436566,0.5666666666666667,109,287,20260706
513120,港股创新药ETF广发,医药健康,震荡下跌,262.48625690112,380.45563210587534,-42.52735055033984,-5.671822488700062,-0.048039415015449755,38.15860239030149,0.4166666666666667,70,144,20260706
513200,港股通医药ETF易方达,医药健康,震荡下跌,10.1295363312,278.60872382763336,-44.697408945025664,-11.931845890716296,-0.32496474711362006,34.70135747543609,0.4,72,164,20260706
159892,恒生医药ETF华夏,医药健康,震荡下跌,47.9784027008,299.55433570888306,-45.40378499428089,-11.455808782430399,-0.3554085528967985,37.059417023233166,0.38333333333333336,36,79,20260706
512400,有色金属ETF南方,周期资源,震荡下跌,229.70845984768,-19.959348316111857,-50.759416314676045,-3.746738804026617,-0.7714464624855015,13.194791234511653,0.4666666666666667,179,380,20260706
513060,恒生医疗ETF博时,医药健康,震荡下跌,59.098168652800005,198.01204929891765,-51.53694089224188,-19.29307303190072,-0.769071070196656,35.05206815950832,0.36666666666666664,85,207,20260706
159506,港股通创新药医疗ETF富国,医药健康,震荡下跌,24.50472667008,296.27431044576235,-56.37483888960686,-14.727080738588805,-0.5923582246849364,35.99153345201919,0.35,36,79,20260706
159570,港股通创新药ETF汇添富,医药健康,震荡下跌,222.19080925184,342.7494419563292,-57.90446768257328,-16.57929967301639,-0.5759618649919609,33.22784825867337,0.35,30,69,20260706
520500,恒生创新药ETF华泰柏瑞,医药健康,震荡下跌,27.35704571136,394.07096461238103,-61.40902594141349,-18.320656025537474,-0.6057674053798183,32.03551956409671,0.3333333333333333,10,24,20260706
512480,UC半导体ETF国联安,科技,震荡下跌,115.6506368512,-99.64697920941116,-64.2479052686678,-17.99751015839516,-0.23354591144593442,55.04292502981472,0.6333333333333333,132,294,20260706
510230,金融ETF国泰,金融,一直下跌,10.9476,-3.9149199229955967,-20.89688484459007,-22.990907465188528,-0.9605504373103965,25.80580423635802,0.43333333333333335,313,686,20260706
159329,沙特ETF南方,海外,一直下跌,11.16383887232,-10.494084843734585,-24.133400030316853,-3.8317406385563357,-1.9922566016248582,10.098996894350947,0.38333333333333336,15,46,20260706
510720,红利国企ETF国泰,红利价值,一直下跌,35.20899104,-74.48501667108167,-26.149182628954847,-3.231006671345449,-1.890154047995568,53.72989031366348,0.45,28,55,20260706
512040,价值100ETF富国,红利价值,一直下跌,48.629911872,-24.722101468343038,-27.483976995627813,3.828549538153969,-1.2491325939102718,30.346190026204265,0.45,146,319,20260706
510810,上海国企ETF汇添富,其他,一直下跌,50.16846753792,-2.9706649556072606,-27.498303985200458,-22.021218638188568,-1.4924190249296754,28.314137845075074,0.43333333333333335,200,427,20260706
515450,红利低波50ETF南方,红利价值,一直下跌,186.38216841984,-46.444475172875684,-27.630738983177327,-7.862510246410148,-2.0218182855872753,51.29768328511318,0.38333333333333336,130,260,20260706
159207,高股息ETF广发,红利价值,一直下跌,17.58101611776,-52.1202108731171,-27.703226680544756,2.4984597271160203,-1.5104037642408306,51.67304724032079,0.4666666666666667,6,11,20260706
560080,中药ETF汇添富,医药健康,一直下跌,24.28985662416,-6.502979264887621,-30.160362163947006,-22.245576918563092,-1.231780374974894,34.62798336093525,0.35,59,132,20260706
159518,标普油气ETF嘉实,海外,一直下跌,18.86630716416,-72.71906090390192,-30.32079051796832,37.641209564615764,-1.0756018463357666,40.5214262404756,0.4166666666666667,36,78,20260706
562550,绿电ETF华夏,其他,一直下跌,18.34314643072,-79.49823553485955,-30.658107117139377,8.610010897518517,-2.101655598712132,51.556204967440515,0.55,52,110,20260706
513730,东南亚科技ETF华泰柏瑞,科技,一直下跌,10.063682943360002,-1.0649526721079439,-31.300895712273924,-30.21881778858423,-1.2617317121029985,14.675531107015534,0.4666666666666667,27,76,20260706
159611,电力ETF广发,周期资源,一直下跌,88.665853952,-78.93310112362539,-31.881054681637224,8.288364731180753,-2.014308253363978,50.525240631760916,0.55,39,79,20260706
515220,煤炭ETF国泰,周期资源,一直下跌,120.9961977472,-93.9220342678017,-32.448064352867156,18.441432540800108,-1.927033747749623,58.895835191476365,0.5,109,259,20260706
516970,基建ETF广发,周期资源,一直下跌,12.68894402944,-7.372737187324107,-32.45937404993773,-8.079017778928211,-0.9747056354021222,12.628100454572571,0.43333333333333335,90,194,20260706
512800,银行ETF华宝,金融,一直下跌,105.69661512192,-45.354206186014856,-32.462309552321244,-18.278763268370756,-2.0011007785213386,33.477104247302364,0.43333333333333335,171,384,20260706
513750,港股通非银ETF广发,港股,一直下跌,139.1902185984,-17.802806248257962,-32.92913601108379,-27.334647233197174,-1.220739725723947,23.096932152455228,0.43333333333333335,44,77,20260706
515180,红利ETF易方达,红利价值,一直下跌,162.62569184,-60.77202540137985,-33.118317192930455,-7.004482744761398,-2.329059607440711,51.435862929198684,0.4166666666666667,140,268,20260706
515300,300红利低波ETF嘉实,红利价值,一直下跌,47.84240218400001,-48.32279420198788,-34.13515559473708,-12.421583635303012,-2.5699312705572743,56.00909579342858,0.36666666666666664,140,280,20260706
159625,绿色电力ETF嘉实,周期资源,一直下跌,26.27052755184,-75.27592139388261,-34.80675036640189,7.260848588771807,-2.16274518771111,53.91926570583776,0.5833333333333334,44,79,20260706
159307,红利低波100ETF博时,红利价值,一直下跌,71.87723640064,-57.82160544084023,-35.57937514794107,-15.428592572652422,-3.119049373501529,62.83767277896099,0.36666666666666664,28,57,20260706
512890,红利低波ETF华泰柏瑞,红利价值,一直下跌,319.21860684800004,-53.57111279772507,-37.38740009350951,-14.633013588156206,-3.0160718421005543,54.10721688122329,0.4,145,312,20260706
515080,中证红利ETF招商,红利价值,一直下跌,120.57722124288,-67.05695983021333,-37.44310830003699,-11.212286501549674,-2.555210160340091,54.75657860320715,0.43333333333333335,136,267,20260706
159566,储能电池ETF易方达,新能源,一直下跌,60.60131667136,-38.24883920367789,-39.474705958360936,1.8000349302841556,-0.9822929371671629,16.078968384975273,0.55,27,67,20260706
513190,港股通金融ETF华夏,金融,一直下跌,16.17133872,-52.89709581142913,-39.664177258098654,-15.40102821481848,-2.1257551312548344,29.683380828903182,0.45,40,84,20260706
516130,消费龙头ETF华宝,消费,一直下跌,10.0032417,-30.12869531650557,-40.72441162481104,-31.310810471816485,-3.0692584447318816,53.015680579825656,0.36666666666666664,72,181,20260706
515650,消费50ETF富国,消费,一直下跌,30.5184808,-25.76457328749496,-41.862323233883124,-30.024802722297007,-2.593057396955735,39.51905872530348,0.35,125,274,20260706
159790,碳中和ETF华夏,周期资源,一直下跌,11.8705341696,-45.13941084003415,-42.49669947731458,-3.769982560968499,-1.5163608465922092,23.19208059240511,0.4666666666666667,38,79,20260706
513550,港股通50ETF华泰柏瑞,港股,一直下跌,16.632367199999997,-54.34541063052721,-42.96270091040615,-20.716789000889435,-2.8788845482722674,48.56385034694598,0.43333333333333335,100,216,20260706
159883,医疗器械ETF永赢,医药健康,一直下跌,39.757962368,-20.580104105692133,-44.65027471861931,-22.843246338834632,-1.9256826822253008,43.65982941387085,0.36666666666666664,28,79,20260706
562060,标普A股红利ETF华宝,红利价值,一直下跌,32.3307427968,-47.44423924285071,-44.76896155815003,-9.5581243280235,-3.0687477325983115,55.919163110806146,0.35,40,73,20260706
159638,高端装备ETF嘉实,其他,一直下跌,13.77902206944,1.3195904938252623,-44.95732241524164,-20.33564289385733,-0.8793107666890028,14.690607287265962,0.5333333333333333,36,79,20260706
513970,恒生消费ETF景顺,消费,一直下跌,12.22280888416,-31.86649450292216,-45.042155739225784,-23.666387826774294,-2.2102385938966926,27.86331893728877,0.36666666666666664,52,106,20260706
561580,央企红利ETF华泰柏瑞,红利价值,一直下跌,22.99146412704,-62.14723107637275,-45.21352635321434,-18.88481467547286,-3.4471605055262846,53.962647669758404,0.3333333333333333,43,101,20260706
515790,光伏ETF华泰柏瑞,新能源,一直下跌,64.93717773312,-64.6424242095345,-45.871824939893315,-1.0797655617976187,-1.6401962743743095,29.25053946150077,0.5,89,220,20260706
159920,恒生ETF华夏,港股,一直下跌,88.4243165184,-54.9878071468882,-46.00159688583098,-21.811857242708466,-3.0301118553283413,51.87802758354987,0.45,38,79,20260706
159875,新能源ETF嘉实,周期资源,一直下跌,14.520349548000002,-31.81612719751016,-46.166567585058424,0,-1.0831998341524225,20.579489937486716,0.5,34,79,20260706
159209,红利质量ETF招商,红利价值,一直下跌,20.52700400704,-38.508218269437165,-46.61896419484902,-17.375263671653553,-2.642694530579196,29.030703035818643,0.35,1,13,20260706
561360,石油ETF国泰,周期资源,一直下跌,17.853127600000004,-40.96572560754757,-47.08791533185239,24.756219820947667,-1.5848860366359732,8.991415262270483,0.4,31,81,20260706
513180,恒生科技ETF华夏,科技,一直下跌,415.2379367424,-65.73973690682,-47.33776957524755,-40.61530497670035,-2.545219529906597,56.897809676825965,0.48333333333333334,76,199,20260706
513630,港股低波红利ETF摩根,红利价值,一直下跌,112.95942156288,-62.65665733952665,-47.396715428329514,-14.588480769754552,-3.28015720049114,69.9887434842266,0.4,32,75,20260706
159750,港股科技50ETF招商,科技,一直下跌,11.64744770736,-56.97302787554137,-48.24367489177494,-34.34766942169023,-2.3301631461191383,54.85532500224418,0.4666666666666667,31,79,20260706
515400,大数据ETF富国,其他,一直下跌,12.69001113408,-16.818008276436778,-48.4153449370624,-13.470624242210805,-0.9993536404959443,21.00219867904537,0.5166666666666667,83,215,20260706
513600,恒生指数ETF南方,港股,一直下跌,15.385575761919998,-57.39719238338674,-48.62094748786517,-24.284735505965195,-3.1636365826327393,51.93884425477815,0.4666666666666667,229,507,20260706
513530,港股通红利ETF华泰柏瑞,红利价值,一直下跌,38.30393833584,-70.52031859621634,-48.83966185071456,-16.932627094222397,-3.5745424005590944,66.46957598051428,0.4,80,155,20260706
159235,中证现金流ETF大成,红利价值,一直下跌,24.32484764496,-53.45270124451563,-51.02199653704687,-15.808570492904828,-3.446096411725953,52.48782300878688,0.3333333333333333,0,8,20260706
518880,黄金ETF华安,贵金属,一直下跌,890.8173886259201,-55.480983272020325,-51.19931045211432,-13.573872952394705,-2.158672269333811,36.68427179745445,0.4666666666666667,255,580,20260706
513920,港股通央企红利ETF华安,红利价值,一直下跌,38.12086502688,-70.52638244127908,-51.2835462674452,-17.141515875414736,-3.425810238224008,59.63948639244354,0.43333333333333335,41,72,20260706
518860,上海金ETF建信,其他,一直下跌,41.315538344,-56.595985610451606,-51.4068083073246,-13.878495827225446,-2.211839603862711,38.164180041836325,0.5,118,232,20260706
518600,金ETF广发,其他,一直下跌,74.92411408816,-56.17541996084891,-51.40757890756936,-13.798528483180473,-2.1847072092629896,38.51593528657112,0.4666666666666667,104,238,20260706
513070,港股通消费ETF易方达,消费,一直下跌,13.343061424000002,-47.48465275227127,-51.52658774997938,-31.536542956216408,-2.87277269541843,39.10194352723354,0.35,57,159,20260706
510900,恒生中国企业ETF易方达,港股,一直下跌,33.01088940224,-66.33568374187429,-51.52943621168544,-30.572821330355005,-3.5701988348788536,54.527066160626376,0.45,283,617,20260706
515170,食品饮料ETF华夏,消费,一直下跌,40.04173200384,-45.58483121269483,-51.65605725999167,-36.40042240767008,-3.516624148176031,48.210552200410184,0.36666666666666664,73,216,20260706
512710,军工龙头ETF富国,军工,一直下跌,77.63311546367999,1.8241019663771896,-51.87531588536613,-22.898546351202608,-1.2246614140593952,16.5034028755641,0.4666666666666667,120,283,20260706
513980,港股科技ETF景顺,科技,一直下跌,135.09995652608,-63.17036221473733,-52.27472089022916,-35.08754255212959,-2.3954451171907567,54.231701236611904,0.45,76,194,20260706
563390,全指现金流ETF华泰柏瑞,红利价值,一直下跌,23.02081884,-57.38979351927893,-52.782678158331244,-17.18724603850622,-3.839916087939745,58.027849883943055,0.38333333333333336,0,8,20260706
520550,港股红利低波ETF招商,红利价值,一直下跌,11.31410196,-75.08452448735193,-53.2487977593598,-24.95102864188079,-4.789306479494401,67.61745486398493,0.3333333333333333,6,21,20260706
159851,金融科技ETF华宝,科技,一直下跌,65.08073504768,-28.273536688748514,-53.68115466052525,-45.97810602462546,-1.6251020545516703,17.873874507689088,0.4666666666666667,31,79,20260706
520990,港股央企红利ETF景顺,红利价值,一直下跌,33.5741815136,-80.93121335648028,-54.453089591844595,-16.975777777940483,-4.19477607675354,77.19282052703458,0.38333333333333336,25,47,20260706
512200,房地产ETF南方,周期资源,一直下跌,31.1642900576,-65.91311492679975,-54.503370439628675,-38.17898927860993,-3.70092151724723,43.78679832036237,0.4666666666666667,157,377,20260706
159981,能源化工ETF建信,周期资源,一直下跌,24.6066483744,-86.77332255970617,-55.066193923020876,20.514302986073908,-2.1827710436713876,49.31456900277785,0.4666666666666667,27,79,20260706
159227,航空航天ETF华夏,军工,一直下跌,49.854695767040006,4.439788238814946,-55.552423220295786,-29.646663306069275,-1.2320866219249667,10.214184566597382,0.48333333333333334,0,7,20260706
513950,恒生红利ETF富国,红利价值,一直下跌,23.797452864640004,-78.93801358609018,-55.666956523500424,-25.779274661399242,-4.544242946399447,64.12852653244558,0.35,48,105,20260706
159545,恒生红利低波ETF易方达,红利价值,一直下跌,60.19909672448,-75.71997319731469,-55.728861013186524,-26.472327755453197,-4.725032900902974,63.318701548940325,0.38333333333333336,23,59,20260706
159852,软件ETF嘉实,科技,一直下跌,78.04585184,-49.656913227906315,-56.45488487291173,-37.21696561764816,-1.9480256474787998,32.084890767719806,0.43333333333333335,35,79,20260706
159928,消费ETF汇添富,消费,一直下跌,146.21491087360002,-44.195158811516336,-56.571113707008976,-38.492210762697944,-3.5358599419476144,41.31867870575246,0.31666666666666665,30,79,20260706
159691,港股红利ETF工银,红利价值,一直下跌,45.35533271568,-66.42311322399445,-56.90395471145799,-23.881467601272533,-3.7984099531595206,80.41502002909465,0.38333333333333336,42,79,20260706
159636,港股通科技30ETF工银,科技,一直下跌,200.90239616512,-58.49136121739038,-57.42578347948868,-43.726479709032354,-2.5900321393322883,55.73989267506314,0.45,27,79,20260706
159201,自由现金流ETF华夏,红利价值,一直下跌,134.26647012864,-64.55755243278267,-58.47463410971139,-19.018161989715953,-3.960402147302449,56.62662242058595,0.36666666666666664,3,17,20260706
516670,畜牧养殖ETF招商,消费,一直下跌,17.37424988928,4.39684851711597,-59.69695957751837,-33.127674805968844,-2.3200635315801703,39.06362042074214,0.35,91,207,20260706
159399,现金流ETF国泰,红利价值,一直下跌,40.347072128,-70.1681746979435,-60.16851499163063,-34.79034199715885,-5.169949265258644,66.20169941200648,0.36666666666666664,4,17,20260706
159865,养殖ETF国泰,消费,一直下跌,55.32787064832,-4.720542978493015,-61.33432824826013,-34.24041759445281,-2.4518165827825973,36.46779809821229,0.36666666666666664,35,79,20260706
159869,游戏ETF华夏,科技,一直下跌,81.9178491264,-26.249362585755865,-62.17208617175169,-43.48146582683834,-2.192015978449921,44.72201794394986,0.43333333333333335,31,79,20260706
159605,中概互联ETF广发,港股,一直下跌,35.61596983296,-69.66519167401893,-62.80365940254807,-52.13329818955206,-3.2144410898422984,50.7240602044937,0.43333333333333335,32,79,20260706
512690,酒ETF鹏华,其他,一直下跌,135.91413107712,-67.25906183184472,-62.954089269746085,-46.77630862213269,-4.131724789539648,59.911816553411484,0.35,95,299,20260706
159825,农业ETF富国,其他,一直下跌,16.05246488928,-20.783189418975077,-63.43153825254184,-32.25111078172797,-2.8401222366510597,30.383338952701564,0.38333333333333336,43,79,20260706
513330,恒生互联网ETF华夏,科技,一直下跌,262.22368292864,-73.02065087674762,-63.97300808412765,-52.21525087917447,-3.408829893369539,54.474750442704234,0.43333333333333335,77,213,20260706
159766,旅游ETF富国,其他,一直下跌,29.67302145024,-55.431445569098315,-64.88882970485257,-54.56199484369543,-3.552792915543515,22.95488990472797,0.35,35,79,20260706
515210,钢铁ETF国泰,周期资源,一直下跌,10.44271019376,-57.21561478394135,-66.64306609421172,-34.88013211556598,-3.7919710042443966,32.25933838714154,0.38333333333333336,111,259,20260706
513050,中概互联网ETF易方达,科技,一直下跌,338.56422662912,-75.45487184954767,-67.06913749799163,-54.14600360596938,-3.534356418252779,53.18936429955023,0.45,162,408,20260706
512980,传媒ETF广发,科技,一直下跌,34.55945886,-58.257620578726346,-70.01567602146682,-34.42730139043347,-2.897616292571054,40.10225494673826,0.4,145,361,20260706
517520,黄金股ETF永赢,贵金属,一直下跌,84.08301674496,-30.758622442946116,-73.71095058438704,-25.07789210368452,-1.4074516361367755,19.828047269968376,0.38333333333333336,29,81,20260706
159792,港股通互联网ETF富国,科技,一直下跌,339.18787487232004,-78.57063493570801,-74.04522488219578,-59.076923973862485,-3.8682339962110843,49.941592391100926,0.36666666666666664,25,79,20260706
513770,港股互联网ETF华宝,科技,一直下跌,48.79774298112,-77.05999705032703,-74.32541457716152,-59.578896491706246,-3.9881398917933626,51.594131984207884,0.36666666666666664,60,163,20260706
159667,工业母机ETF国泰,其他,一直下跌,32.9852719152,-99.99960142385675,-98.13124219139469,-70.15553248210004,-1.1452869791312341,67.19263790108295,0.6666666666666666,37,79,20260706
561330,矿业ETF国泰,其他,一直下跌,16.80629980544,-99.98273665084993,-98.38095461624962,-76.27514072155469,-2.207995977365251,36.536345099867766,0.48333333333333334,61,129,20260706
512930,AI人工智能ETF平安,科技,一直下跌,31.46834924032,72.41086891222449,-99.76946963989677,-89.91881174866067,-1.0216775651548702,23.2943491832871,0.6,122,284,20260706
