代码,行业分类
512170,医药健康
513180,科技
513330,科技
512000,金融
159792,科技
512880,金融
512010,医药健康
159636,科技
512690,消费
515880,科技
513050,科技
588000,宽基
512890,红利价值
513980,科技
159928,消费
159516,科技
513120,医药健康
159941,海外
563360,宽基
159992,医药健康
510300,宽基
159870,周期资源
159338,宽基
512070,金融
159570,医药健康
562500,科技
513770,科技
512800,金融
515450,红利价值
588200,科技
159859,医药健康
159781,宽基
515180,红利价值
159201,红利价值
512400,周期资源
159949,宽基
159326,周期资源
159852,科技
513060,医药健康
512710,军工
159995,科技
159819,科技
515220,周期资源
159206,军工
159865,消费
159915,宽基
513090,金融
159851,科技
518880,贵金属
513500,海外
513750,金融
159755,新能源
159883,医药健康
515170,消费
512480,科技
159611,周期资源
515080,红利价值
510210,宽基
159262,科技
513630,红利价值
159869,科技
159307,红利价值
515790,新能源
159892,医药健康
159509,科技
588170,科技
159920,港股
510050,宽基
510810,基建物流
562800,周期资源
159967,宽基
560860,周期资源
562060,红利价值
516820,医药健康
159766,消费
512660,军工
513300,海外
159363,科技
159545,红利价值
159263,红利价值
517520,贵金属
159605,港股
159659,海外
510180,宽基
159783,宽基
512930,科技
159227,军工
159399,红利价值
512980,科技
512040,红利价值
510500,宽基
512950,基建物流
159691,红利价值
515300,红利价值
512960,基建物流
516150,周期资源
159259,红利价值
510720,红利价值
159667,军工
520990,红利价值
159813,科技
510900,港股
159837,科技
588220,宽基
159732,科技
515650,消费
159623,基建物流
589720,医药健康
512100,宽基
515800,宽基
516670,消费
159566,新能源
588790,科技
560080,医药健康
512200,周期资源
513920,红利价值
513530,红利价值
159980,周期资源
560510,宽基
159267,军工
515000,科技
159825,消费
513310,科技
560050,宽基
513400,海外
515900,基建物流
563300,宽基
159625,周期资源
159875,周期资源
159840,新能源
159235,红利价值
588760,科技
561580,红利价值
159506,医药健康
513950,红利价值
563390,红利价值
520500,医药健康
560710,周期资源
512670,军工
159209,红利价值
560280,周期资源
513390,海外
159593,宽基
517160,贵金属
159959,基建物流
159518,海外
159981,周期资源
159131,科技
561330,周期资源
159687,海外
159998,科技
515030,周期资源
562550,新能源
513550,港股
159207,红利价值
159790,周期资源
516130,消费
513970,消费
159387,周期资源
159985,周期资源
588710,科技
560570,红利价值
159561,海外
515400,科技
159638,军工
516510,科技
159750,科技
589070,科技
561360,周期资源
159601,宽基
513880,海外
517300,宽基
159329,海外
510380,宽基
513070,消费
513850,海外
159141,科技
516570,周期资源
159502,科技
516970,周期资源
520550,红利价值
513800,海外
513520,海外
561550,宽基
513200,医药健康
515260,科技
589680,宽基
513190,金融
513290,科技
159901,宽基
588010,周期资源
588330,宽基
515210,周期资源
510230,金融
513730,科技
516520,新能源
518600,贵金属
159529,消费
159939,科技
159680,宽基
515380,宽基
513080,海外
588350,宽基
513600,港股
588460,宽基
588020,宽基
518860,贵金属
